{"Train_D_loss": 0.06795679032802582, "Train_G_loss": 0.07302271574735641, "Train_PESQ": -0.5714285969734192, "Train Step": 1, "_timestamp": 1696004903.038625, "_runtime": 168.22680807113647, "_step": 1, "_wandb": {"runtime": 183}}