{"Train_D_loss": 0.36397653818130493, "Train_G_loss": 0.565707802772522, "Train_PESQ": -0.5714285969734192, "Train Step": 0, "_timestamp": 1696008798.158742, "_runtime": 86.90504598617554, "_step": 0, "_wandb": {"runtime": 117}}