{"Generator_loss": 0.2049272209405899, "Generator_step": 78, "_timestamp": 1695671508.8309948, "_runtime": 781.2725079059601, "_step": 78}