{"Train_D_loss": 0.16032543778419495, "Train_G_loss": 0.08144382387399673, "Train_PESQ": -0.5714285969734192, "Train Step": 0, "_timestamp": 1696004491.682928, "_runtime": 37.134145975112915, "_step": 0, "_wandb": {"runtime": 53}}